{
  "project_info": {
    "project_number": "834133458789",
    "project_id": "sacred-sound",
    "storage_bucket": "sacred-sound.appspot.com"
  },
  "client": [
    {
      "client_info": {
        "mobilesdk_app_id": "1:834133458789:android:046816faf5678f1135ab8c",
        "android_client_info": {
          "package_name": "io.flutterflow.livevideostream"
        }
      },
      "oauth_client": [
        {
          "client_id": "834133458789-60iq2t41pmrhdnnf3k925tc7n2j1a5ro.apps.googleusercontent.com",
          "client_type": 3
        }
      ],
      "api_key": [
        {
          "current_key": "AIzaSyBxjQaUuyxHHuABeXGXJ4XP7LOIQYToSGQ"
        }
      ],
      "services": {
        "appinvite_service": {
          "other_platform_oauth_client": [
            {
              "client_id": "834133458789-60iq2t41pmrhdnnf3k925tc7n2j1a5ro.apps.googleusercontent.com",
              "client_type": 3
            },
            {
              "client_id": "834133458789-pp6skr2ohaitema19ufq54po9brguibn.apps.googleusercontent.com",
              "client_type": 2,
              "ios_info": {
                "bundle_id": "io.flutterflow.livevideostream"
              }
            }
          ]
        }
      }
    }
  ],
  "configuration_version": "1"
}